{
  "horizon": 12,
  "priceSchema": [
    0.198,
    0.198,
    0.198,
    0.198,
    0.225,
    0.225,
    0.249,
    0.849,
    0.849,
    0.225,
    0.225,
    0.198
  ],
  "agents": {
    "home_7": {
      "neighbors": [
        "home_1",
        "home_2",
        "home_3",
        "home_4",
        "home_5",
        "home_6",
        "home_8",
        "home_9"
      ],
      "backgroundLoad": [
        0.04287648694090311,
        0.1612826654892774,
        0.22543314096805472,
        0.0526906641248125,
        0.02295400388255131,
        0.14938193472573152,
        0.05952049469827485,
        0.07646645707037246,
        0.26670190188407183,
        0.04679738193340076,
        0.046499691268375505,
        0.0684309754892758
      ],
      "rules": [
        "1 LG_WM2016CW laundry_wash eq 2 before 6",
        "0 LG_WM2016CW laundry_wash geq 0",
        "0 LG_WM2016CW laundry_wash leq 2",
        "1 GE_WSM2420D3WW laundry_dry eq 2 before 4",
        "0 GE_WSM2420D3WW laundry_dry geq 0",
        "0 GE_WSM2420D3WW laundry_dry leq 2",
        "1 Kenmore_665.13242K900 dish_wash eq 2 before 11",
        "0 Kenmore_665.13242K900 dish_wash geq 0",
        "0 Kenmore_665.13242K900 dish_wash leq 2",
        "1 Kenmore_790.91312013 bake eq 3 at 6",
        "0 Kenmore_790.91312013 bake geq 0",
        "0 Kenmore_790.91312013 bake leq 3",
        "1 water_tank water_temp geq 28 within 3 7",
        "1 water_tank water_temp leq 42 within 3 7",
        "0 water_tank water_temp geq 18",
        "0 water_tank water_temp leq 50",
        "1 Tesla_S charge geq 80 after 3",
        "0 Tesla_S charge geq 0",
        "0 Tesla_S charge leq 100"
      ]
    },
    "home_6": {
      "neighbors": [
        "home_1",
        "home_2",
        "home_3",
        "home_4",
        "home_5",
        "home_7",
        "home_8",
        "home_9"
      ],
      "backgroundLoad": [
        0.17042300727744542,
        0.16040401891319012,
        0.058317310997516525,
        0.24591130487789964,
        0.09640305721447358,
        0.2652275957098176,
        0.07814980339785449,
        0.13889758971047672,
        0.12506625664159332,
        0.22523146576921144,
        0.0018252027376205236,
        0.21129396986622412
      ],
      "rules": [
        "1 LG_WM2016CW laundry_wash eq 2 before 5",
        "0 LG_WM2016CW laundry_wash geq 0",
        "0 LG_WM2016CW laundry_wash leq 2",
        "1 GE_WSM2420D3WW laundry_dry eq 2 before 11",
        "0 GE_WSM2420D3WW laundry_dry geq 0",
        "0 GE_WSM2420D3WW laundry_dry leq 2",
        "1 Kenmore_665.13242K900 dish_wash eq 2 before 4",
        "0 Kenmore_665.13242K900 dish_wash geq 0",
        "0 Kenmore_665.13242K900 dish_wash leq 2",
        "1 Kenmore_790.91312013 bake eq 3 at 6",
        "0 Kenmore_790.91312013 bake geq 0",
        "0 Kenmore_790.91312013 bake leq 3",
        "1 water_tank water_temp geq 29 within 3 7",
        "1 water_tank water_temp leq 43 within 3 7",
        "0 water_tank water_temp geq 18",
        "0 water_tank water_temp leq 50",
        "1 Tesla_S charge geq 60 after 4",
        "0 Tesla_S charge geq 0",
        "0 Tesla_S charge leq 100"
      ]
    },
    "home_5": {
      "neighbors": [
        "home_1",
        "home_2",
        "home_3",
        "home_4",
        "home_6",
        "home_7",
        "home_8",
        "home_9"
      ],
      "backgroundLoad": [
        0.11114088976827584,
        0.29019813763502456,
        0.29649016418631535,
        0.24024047498161652,
        0.22440994542302425,
        0.058240115147652094,
        0.23184579795290977,
        0.2987686165477194,
        0.19984048362999016,
        0.1598095931980533,
        0.28111197693310414,
        0.10272608153352304
      ],
      "rules": [
        "1 LG_WM2016CW laundry_wash eq 2 before 6",
        "0 LG_WM2016CW laundry_wash geq 0",
        "0 LG_WM2016CW laundry_wash leq 2",
        "1 GE_WSM2420D3WW laundry_dry eq 2 before 7",
        "0 GE_WSM2420D3WW laundry_dry geq 0",
        "0 GE_WSM2420D3WW laundry_dry leq 2",
        "1 Kenmore_665.13242K900 dish_wash eq 2 before 10",
        "0 Kenmore_665.13242K900 dish_wash geq 0",
        "0 Kenmore_665.13242K900 dish_wash leq 2",
        "1 Kenmore_790.91312013 bake eq 3 at 8",
        "0 Kenmore_790.91312013 bake geq 0",
        "0 Kenmore_790.91312013 bake leq 3",
        "1 water_tank water_temp geq 30 within 4 11",
        "1 water_tank water_temp leq 43 within 4 11",
        "0 water_tank water_temp geq 18",
        "0 water_tank water_temp leq 50",
        "1 Tesla_S charge geq 80 before 11",
        "0 Tesla_S charge geq 0",
        "0 Tesla_S charge leq 100"
      ]
    },
    "home_4": {
      "neighbors": [
        "home_1",
        "home_2",
        "home_3",
        "home_5",
        "home_6",
        "home_7",
        "home_8",
        "home_9"
      ],
      "backgroundLoad": [
        0.29801989642765536,
        0.029390830381732867,
        0.009577842487831589,
        0.276638063782997,
        0.2510971772109938,
        0.009557555917341287,
        0.17305471764771493,
        0.26886719883058424,
        0.27528145138965787,
        0.11052878392208165,
        0.032218912669990885,
        0.24715112846556225
      ],
      "rules": [
        "1 LG_WM2016CW laundry_wash eq 1 before 8",
        "0 LG_WM2016CW laundry_wash geq 0",
        "0 LG_WM2016CW laundry_wash leq 1",
        "1 GE_WSM2420D3WW laundry_dry eq 3 before 8",
        "0 GE_WSM2420D3WW laundry_dry geq 0",
        "0 GE_WSM2420D3WW laundry_dry leq 3",
        "1 Kenmore_665.13242K900 dish_wash eq 2 before 7",
        "0 Kenmore_665.13242K900 dish_wash geq 0",
        "0 Kenmore_665.13242K900 dish_wash leq 2",
        "1 Kenmore_790.91312013 bake eq 1 at 4",
        "0 Kenmore_790.91312013 bake geq 0",
        "0 Kenmore_790.91312013 bake leq 1",
        "1 water_tank water_temp geq 30 within 2 7",
        "1 water_tank water_temp leq 44 within 2 7",
        "0 water_tank water_temp geq 18",
        "0 water_tank water_temp leq 50",
        "1 Tesla_S charge geq 100 after 7",
        "0 Tesla_S charge geq 0",
        "0 Tesla_S charge leq 100"
      ]
    },
    "home_3": {
      "neighbors": [
        "home_1",
        "home_2",
        "home_4",
        "home_5",
        "home_6",
        "home_7",
        "home_8",
        "home_9"
      ],
      "backgroundLoad": [
        0.13110943380235726,
        0.27220696692562935,
        0.09797092480711209,
        0.09081887780241234,
        0.05688379665854308,
        0.07330090407053638,
        0.12283767580414331,
        0.27066452090478293,
        0.17564170710251623,
        0.1428056015761663,
        0.2641309931108456,
        0.0628287200944764
      ],
      "rules": [
        "1 LG_WM2016CW laundry_wash eq 1 before 2",
        "0 LG_WM2016CW laundry_wash geq 0",
        "0 LG_WM2016CW laundry_wash leq 1",
        "1 GE_WSM2420D3WW laundry_dry eq 2 before 9",
        "0 GE_WSM2420D3WW laundry_dry geq 0",
        "0 GE_WSM2420D3WW laundry_dry leq 2",
        "1 Kenmore_665.13242K900 dish_wash eq 1 before 10",
        "0 Kenmore_665.13242K900 dish_wash geq 0",
        "0 Kenmore_665.13242K900 dish_wash leq 1",
        "1 Kenmore_790.91312013 bake eq 1 at 4",
        "0 Kenmore_790.91312013 bake geq 0",
        "0 Kenmore_790.91312013 bake leq 1",
        "1 water_tank water_temp geq 28 within 5 10",
        "1 water_tank water_temp leq 42 within 5 10",
        "0 water_tank water_temp geq 18",
        "0 water_tank water_temp leq 50",
        "1 Tesla_S charge geq 80 after 3",
        "0 Tesla_S charge geq 0",
        "0 Tesla_S charge leq 100"
      ]
    },
    "home_2": {
      "neighbors": [
        "home_1",
        "home_3",
        "home_4",
        "home_5",
        "home_6",
        "home_7",
        "home_8",
        "home_9"
      ],
      "backgroundLoad": [
        0.1480868239490867,
        0.14996798204966,
        0.019596550089011355,
        0.2637598555280617,
        0.1999817798138732,
        0.1233635778404264,
        0.19573520053066137,
        0.014795218847048685,
        0.10422429440527496,
        0.0585472418003486,
        0.001797215997560586,
        0.27584675553380844
      ],
      "rules": [
        "1 LG_WM2016CW laundry_wash eq 2 before 11",
        "0 LG_WM2016CW laundry_wash geq 0",
        "0 LG_WM2016CW laundry_wash leq 2",
        "1 GE_WSM2420D3WW laundry_dry eq 2 before 8",
        "0 GE_WSM2420D3WW laundry_dry geq 0",
        "0 GE_WSM2420D3WW laundry_dry leq 2",
        "1 Kenmore_665.13242K900 dish_wash eq 1 before 9",
        "0 Kenmore_665.13242K900 dish_wash geq 0",
        "0 Kenmore_665.13242K900 dish_wash leq 1",
        "1 Kenmore_790.91312013 bake eq 1 at 7",
        "0 Kenmore_790.91312013 bake geq 0",
        "0 Kenmore_790.91312013 bake leq 1",
        "1 water_tank water_temp geq 30 within 4 11",
        "1 water_tank water_temp leq 43 within 4 11",
        "0 water_tank water_temp geq 18",
        "0 water_tank water_temp leq 50",
        "1 Tesla_S charge geq 100 after 5",
        "0 Tesla_S charge geq 0",
        "0 Tesla_S charge leq 100"
      ]
    },
    "home_1": {
      "neighbors": [
        "home_2",
        "home_3",
        "home_4",
        "home_5",
        "home_6",
        "home_7",
        "home_8",
        "home_9"
      ],
      "backgroundLoad": [
        0.07356579599175919,
        0.20862824358925172,
        0.1844752152504417,
        0.06278204504704352,
        0.1028284022688628,
        0.036425743493250715,
        0.200369952489215,
        0.10537283788154038,
        0.2254484811840279,
        0.15800646422777223,
        0.0672473814394403,
        0.06875993540390048
      ],
      "rules": [
        "1 LG_WM2016CW laundry_wash eq 1 before 2",
        "0 LG_WM2016CW laundry_wash geq 0",
        "0 LG_WM2016CW laundry_wash leq 1",
        "1 GE_WSM2420D3WW laundry_dry eq 2 before 8",
        "0 GE_WSM2420D3WW laundry_dry geq 0",
        "0 GE_WSM2420D3WW laundry_dry leq 2",
        "1 Kenmore_665.13242K900 dish_wash eq 2 after 1",
        "0 Kenmore_665.13242K900 dish_wash geq 0",
        "0 Kenmore_665.13242K900 dish_wash leq 2",
        "1 Kenmore_790.91312013 bake eq 1 at 5",
        "0 Kenmore_790.91312013 bake geq 0",
        "0 Kenmore_790.91312013 bake leq 1",
        "1 water_tank water_temp geq 26 within 2 6",
        "1 water_tank water_temp leq 39 within 2 6",
        "0 water_tank water_temp geq 18",
        "0 water_tank water_temp leq 50",
        "1 Tesla_S charge geq 60 before 10",
        "0 Tesla_S charge geq 0",
        "0 Tesla_S charge leq 100"
      ]
    },
    "home_9": {
      "neighbors": [
        "home_1",
        "home_2",
        "home_3",
        "home_4",
        "home_5",
        "home_6",
        "home_7",
        "home_8"
      ],
      "backgroundLoad": [
        0.28685149106819763,
        0.21722798741144753,
        0.2233861042724993,
        0.24665542661297302,
        0.03426950817698471,
        0.2366624532754392,
        0.00925290274521171,
        0.1522164823145837,
        0.15926337080234515,
        0.06440922359150521,
        0.05279532597444988,
        0.24631461659802362
      ],
      "rules": [
        "1 LG_WM2016CW laundry_wash eq 1 before 6",
        "0 LG_WM2016CW laundry_wash geq 0",
        "0 LG_WM2016CW laundry_wash leq 1",
        "1 GE_WSM2420D3WW laundry_dry eq 3 before 10",
        "0 GE_WSM2420D3WW laundry_dry geq 0",
        "0 GE_WSM2420D3WW laundry_dry leq 3",
        "1 Kenmore_665.13242K900 dish_wash eq 1 after 2",
        "0 Kenmore_665.13242K900 dish_wash geq 0",
        "0 Kenmore_665.13242K900 dish_wash leq 1",
        "1 Kenmore_790.91312013 bake eq 2 at 8",
        "0 Kenmore_790.91312013 bake geq 0",
        "0 Kenmore_790.91312013 bake leq 2",
        "1 water_tank water_temp geq 27 within 3 6",
        "1 water_tank water_temp leq 45 within 3 6",
        "0 water_tank water_temp geq 18",
        "0 water_tank water_temp leq 50",
        "1 Tesla_S charge geq 100 after 6",
        "0 Tesla_S charge geq 0",
        "0 Tesla_S charge leq 100"
      ]
    },
    "home_8": {
      "neighbors": [
        "home_1",
        "home_2",
        "home_3",
        "home_4",
        "home_5",
        "home_6",
        "home_7",
        "home_9"
      ],
      "backgroundLoad": [
        0.2469368390647329,
        0.1754075362670451,
        0.0333143922988326,
        0.18627363605244598,
        0.0437384253786996,
        0.23020233787970698,
        0.24524964862087284,
        0.07610204315090424,
        0.03296351709511231,
        0.17596652318295933,
        0.10879374013687244,
        0.16658194435363577
      ],
      "rules": [
        "1 LG_WM2016CW laundry_wash eq 1 before 6",
        "0 LG_WM2016CW laundry_wash geq 0",
        "0 LG_WM2016CW laundry_wash leq 1",
        "1 GE_WSM2420D3WW laundry_dry eq 3 before 8",
        "0 GE_WSM2420D3WW laundry_dry geq 0",
        "0 GE_WSM2420D3WW laundry_dry leq 3",
        "1 Kenmore_665.13242K900 dish_wash eq 2 before 12",
        "0 Kenmore_665.13242K900 dish_wash geq 0",
        "0 Kenmore_665.13242K900 dish_wash leq 2",
        "1 Kenmore_790.91312013 bake eq 2 at 9",
        "0 Kenmore_790.91312013 bake geq 0",
        "0 Kenmore_790.91312013 bake leq 2",
        "1 water_tank water_temp geq 26 within 1 7",
        "1 water_tank water_temp leq 42 within 1 7",
        "0 water_tank water_temp geq 18",
        "0 water_tank water_temp leq 50",
        "1 Tesla_S charge geq 80 before 5",
        "0 Tesla_S charge geq 0",
        "0 Tesla_S charge leq 100"
      ]
    }
  }
}