{
  "horizon": 12,
  "priceSchema": [
    0.198,
    0.198,
    0.198,
    0.198,
    0.225,
    0.225,
    0.249,
    0.849,
    0.849,
    0.225,
    0.225,
    0.198
  ],
  "agents": {
    "home_7": {
      "neighbors": [
        "home_1",
        "home_2",
        "home_3",
        "home_4",
        "home_5",
        "home_6",
        "home_8",
        "home_9"
      ],
      "backgroundLoad": [
        0.155989025946813,
        0.02115054172170103,
        0.2760409602916306,
        0.20573215996968577,
        0.1284929099406561,
        0.26413591642245465,
        0.2151715736790932,
        0.05235133066578269,
        0.20801371824767706,
        0.22588966362858348,
        0.2609107330340204,
        0.029522662473414285
      ],
      "rules": [
        "1 LG_WM2016CW laundry_wash eq 1 before 8",
        "0 LG_WM2016CW laundry_wash geq 0",
        "0 LG_WM2016CW laundry_wash leq 1",
        "1 GE_WSM2420D3WW laundry_dry eq 3 before 5",
        "0 GE_WSM2420D3WW laundry_dry geq 0",
        "0 GE_WSM2420D3WW laundry_dry leq 3",
        "1 Kenmore_665.13242K900 dish_wash eq 1 before 6",
        "0 Kenmore_665.13242K900 dish_wash geq 0",
        "0 Kenmore_665.13242K900 dish_wash leq 1",
        "1 Kenmore_790.91312013 bake eq 1 at 8",
        "0 Kenmore_790.91312013 bake geq 0",
        "0 Kenmore_790.91312013 bake leq 1",
        "1 water_tank water_temp geq 26 within 5 11",
        "1 water_tank water_temp leq 39 within 5 11",
        "0 water_tank water_temp geq 18",
        "0 water_tank water_temp leq 50",
        "1 Tesla_S charge geq 80 after 7",
        "0 Tesla_S charge geq 0",
        "0 Tesla_S charge leq 100"
      ]
    },
    "home_6": {
      "neighbors": [
        "home_1",
        "home_2",
        "home_3",
        "home_4",
        "home_5",
        "home_7",
        "home_8",
        "home_9"
      ],
      "backgroundLoad": [
        0.07468005935087842,
        0.13997730074988607,
        0.23409526651608625,
        0.1524985819917223,
        0.06705726546878997,
        0.08864256495132362,
        0.17672753490246354,
        0.061036589235851785,
        0.2994506338240223,
        0.29233390549499627,
        0.15343907019405645,
        0.14940717852054275
      ],
      "rules": [
        "1 LG_WM2016CW laundry_wash eq 1 before 6",
        "0 LG_WM2016CW laundry_wash geq 0",
        "0 LG_WM2016CW laundry_wash leq 1",
        "1 GE_WSM2420D3WW laundry_dry eq 2 before 10",
        "0 GE_WSM2420D3WW laundry_dry geq 0",
        "0 GE_WSM2420D3WW laundry_dry leq 2",
        "1 Kenmore_665.13242K900 dish_wash eq 1 before 11",
        "0 Kenmore_665.13242K900 dish_wash geq 0",
        "0 Kenmore_665.13242K900 dish_wash leq 1",
        "1 Kenmore_790.91312013 bake eq 1 at 6",
        "0 Kenmore_790.91312013 bake geq 0",
        "0 Kenmore_790.91312013 bake leq 1",
        "1 water_tank water_temp geq 29 within 3 12",
        "1 water_tank water_temp leq 44 within 3 12",
        "0 water_tank water_temp geq 18",
        "0 water_tank water_temp leq 50",
        "1 Tesla_S charge geq 60 before 10",
        "0 Tesla_S charge geq 0",
        "0 Tesla_S charge leq 100"
      ]
    },
    "home_5": {
      "neighbors": [
        "home_1",
        "home_2",
        "home_3",
        "home_4",
        "home_6",
        "home_7",
        "home_8",
        "home_9"
      ],
      "backgroundLoad": [
        0.2983202691842695,
        0.21378706340135614,
        0.05904040170584115,
        0.12651278893822615,
        0.1822616031713682,
        0.11639659792335004,
        0.2689317157498004,
        0.22962193122695104,
        0.1723472576355776,
        0.24455945861906814,
        0.0161454891582384,
        0.16474992125553922
      ],
      "rules": [
        "1 LG_WM2016CW laundry_wash eq 2 before 3",
        "0 LG_WM2016CW laundry_wash geq 0",
        "0 LG_WM2016CW laundry_wash leq 2",
        "1 GE_WSM2420D3WW laundry_dry eq 2 before 11",
        "0 GE_WSM2420D3WW laundry_dry geq 0",
        "0 GE_WSM2420D3WW laundry_dry leq 2",
        "1 Kenmore_665.13242K900 dish_wash eq 1 after 1",
        "0 Kenmore_665.13242K900 dish_wash geq 0",
        "0 Kenmore_665.13242K900 dish_wash leq 1",
        "1 Kenmore_790.91312013 bake eq 2 at 5",
        "0 Kenmore_790.91312013 bake geq 0",
        "0 Kenmore_790.91312013 bake leq 2",
        "1 water_tank water_temp geq 29 within 3 7",
        "1 water_tank water_temp leq 44 within 3 7",
        "0 water_tank water_temp geq 18",
        "0 water_tank water_temp leq 50",
        "1 Tesla_S charge geq 100 before 11",
        "0 Tesla_S charge geq 0",
        "0 Tesla_S charge leq 100"
      ]
    },
    "home_4": {
      "neighbors": [
        "home_1",
        "home_2",
        "home_3",
        "home_5",
        "home_6",
        "home_7",
        "home_8",
        "home_9"
      ],
      "backgroundLoad": [
        0.12294045787975222,
        0.038342009063466694,
        0.0801675200706381,
        0.256716091224936,
        0.1640905504321977,
        0.11484426529625692,
        0.23707820552455458,
        0.22885678429532433,
        0.15310907898604859,
        0.2886184896000912,
        0.20113997744325848,
        0.04246505274990087
      ],
      "rules": [
        "1 LG_WM2016CW laundry_wash eq 2 before 6",
        "0 LG_WM2016CW laundry_wash geq 0",
        "0 LG_WM2016CW laundry_wash leq 2",
        "1 GE_WSM2420D3WW laundry_dry eq 3 before 4",
        "0 GE_WSM2420D3WW laundry_dry geq 0",
        "0 GE_WSM2420D3WW laundry_dry leq 3",
        "1 Kenmore_665.13242K900 dish_wash eq 2 after 8",
        "0 Kenmore_665.13242K900 dish_wash geq 0",
        "0 Kenmore_665.13242K900 dish_wash leq 2",
        "1 Kenmore_790.91312013 bake eq 2 at 9",
        "0 Kenmore_790.91312013 bake geq 0",
        "0 Kenmore_790.91312013 bake leq 2",
        "1 water_tank water_temp geq 30 within 2 7",
        "1 water_tank water_temp leq 42 within 2 7",
        "0 water_tank water_temp geq 18",
        "0 water_tank water_temp leq 50",
        "1 Tesla_S charge geq 60 after 5",
        "0 Tesla_S charge geq 0",
        "0 Tesla_S charge leq 100"
      ]
    },
    "home_3": {
      "neighbors": [
        "home_1",
        "home_2",
        "home_4",
        "home_5",
        "home_6",
        "home_7",
        "home_8",
        "home_9"
      ],
      "backgroundLoad": [
        0.015821804657373196,
        0.17210081402971908,
        0.07010841555101062,
        0.12238529311141211,
        0.1490249573977539,
        0.11368291335507685,
        0.21700225361134515,
        0.043083053469135255,
        0.05957922785897411,
        0.29388746387846837,
        0.11603075111549921,
        0.2138432861169466
      ],
      "rules": [
        "1 LG_WM2016CW laundry_wash eq 2 before 11",
        "0 LG_WM2016CW laundry_wash geq 0",
        "0 LG_WM2016CW laundry_wash leq 2",
        "1 GE_WSM2420D3WW laundry_dry eq 3 before 8",
        "0 GE_WSM2420D3WW laundry_dry geq 0",
        "0 GE_WSM2420D3WW laundry_dry leq 3",
        "1 Kenmore_665.13242K900 dish_wash eq 2 after 3",
        "0 Kenmore_665.13242K900 dish_wash geq 0",
        "0 Kenmore_665.13242K900 dish_wash leq 2",
        "1 Kenmore_790.91312013 bake eq 1 at 9",
        "0 Kenmore_790.91312013 bake geq 0",
        "0 Kenmore_790.91312013 bake leq 1",
        "1 water_tank water_temp geq 28 within 1 7",
        "1 water_tank water_temp leq 43 within 1 7",
        "0 water_tank water_temp geq 18",
        "0 water_tank water_temp leq 50",
        "1 Tesla_S charge geq 100 after 5",
        "0 Tesla_S charge geq 0",
        "0 Tesla_S charge leq 100"
      ]
    },
    "home_2": {
      "neighbors": [
        "home_1",
        "home_3",
        "home_4",
        "home_5",
        "home_6",
        "home_7",
        "home_8",
        "home_9"
      ],
      "backgroundLoad": [
        0.0054256600826163015,
        0.046932527090516436,
        0.2808686302050312,
        0.26270927284715495,
        0.24158440098542175,
        0.27874900314248613,
        0.2977148356614098,
        0.18409419139185015,
        0.019705148432547746,
        0.06698922823997026,
        0.18393759376745608,
        0.13146522114322334
      ],
      "rules": [
        "1 LG_WM2016CW laundry_wash eq 2 before 6",
        "0 LG_WM2016CW laundry_wash geq 0",
        "0 LG_WM2016CW laundry_wash leq 2",
        "1 GE_WSM2420D3WW laundry_dry eq 2 before 8",
        "0 GE_WSM2420D3WW laundry_dry geq 0",
        "0 GE_WSM2420D3WW laundry_dry leq 2",
        "1 Kenmore_665.13242K900 dish_wash eq 1 before 10",
        "0 Kenmore_665.13242K900 dish_wash geq 0",
        "0 Kenmore_665.13242K900 dish_wash leq 1",
        "1 Kenmore_790.91312013 bake eq 3 at 6",
        "0 Kenmore_790.91312013 bake geq 0",
        "0 Kenmore_790.91312013 bake leq 3",
        "1 water_tank water_temp geq 29 within 3 6",
        "1 water_tank water_temp leq 43 within 3 6",
        "0 water_tank water_temp geq 18",
        "0 water_tank water_temp leq 50",
        "1 Tesla_S charge geq 60 after 4",
        "0 Tesla_S charge geq 0",
        "0 Tesla_S charge leq 100"
      ]
    },
    "home_1": {
      "neighbors": [
        "home_2",
        "home_3",
        "home_4",
        "home_5",
        "home_6",
        "home_7",
        "home_8",
        "home_9"
      ],
      "backgroundLoad": [
        0.21188656655794616,
        0.12153982562101684,
        0.24755743171476707,
        0.20384879231332034,
        0.28206489603855917,
        0.23648400742936473,
        0.11201715817494313,
        0.27031006353534126,
        0.009152688488491023,
        0.1522360225629872,
        0.01977038235369096,
        0.08712137867525452
      ],
      "rules": [
        "1 LG_WM2016CW laundry_wash eq 2 before 7",
        "0 LG_WM2016CW laundry_wash geq 0",
        "0 LG_WM2016CW laundry_wash leq 2",
        "1 GE_WSM2420D3WW laundry_dry eq 2 before 12",
        "0 GE_WSM2420D3WW laundry_dry geq 0",
        "0 GE_WSM2420D3WW laundry_dry leq 2",
        "1 Kenmore_665.13242K900 dish_wash eq 1 after 6",
        "0 Kenmore_665.13242K900 dish_wash geq 0",
        "0 Kenmore_665.13242K900 dish_wash leq 1",
        "1 Kenmore_790.91312013 bake eq 2 at 8",
        "0 Kenmore_790.91312013 bake geq 0",
        "0 Kenmore_790.91312013 bake leq 2",
        "1 water_tank water_temp geq 28 within 1 5",
        "1 water_tank water_temp leq 41 within 1 5",
        "0 water_tank water_temp geq 18",
        "0 water_tank water_temp leq 50",
        "1 Tesla_S charge geq 60 after 3",
        "0 Tesla_S charge geq 0",
        "0 Tesla_S charge leq 100"
      ]
    },
    "home_9": {
      "neighbors": [
        "home_1",
        "home_2",
        "home_3",
        "home_4",
        "home_5",
        "home_6",
        "home_7",
        "home_8"
      ],
      "backgroundLoad": [
        0.2552854291944669,
        0.24269661331832165,
        0.061826760051992634,
        0.11216867552023631,
        0.2207713029707118,
        0.09984986024170675,
        0.28500121972052245,
        0.27204183836927553,
        0.13731874715004158,
        0.010532308008516645,
        0.20162216434791794,
        0.032941600979542775
      ],
      "rules": [
        "1 LG_WM2016CW laundry_wash eq 2 before 4",
        "0 LG_WM2016CW laundry_wash geq 0",
        "0 LG_WM2016CW laundry_wash leq 2",
        "1 GE_WSM2420D3WW laundry_dry eq 2 before 5",
        "0 GE_WSM2420D3WW laundry_dry geq 0",
        "0 GE_WSM2420D3WW laundry_dry leq 2",
        "1 Kenmore_665.13242K900 dish_wash eq 2 before 8",
        "0 Kenmore_665.13242K900 dish_wash geq 0",
        "0 Kenmore_665.13242K900 dish_wash leq 2",
        "1 Kenmore_790.91312013 bake eq 3 at 8",
        "0 Kenmore_790.91312013 bake geq 0",
        "0 Kenmore_790.91312013 bake leq 3",
        "1 water_tank water_temp geq 27 within 1 7",
        "1 water_tank water_temp leq 40 within 1 7",
        "0 water_tank water_temp geq 18",
        "0 water_tank water_temp leq 50",
        "1 Tesla_S charge geq 80 before 11",
        "0 Tesla_S charge geq 0",
        "0 Tesla_S charge leq 100"
      ]
    },
    "home_8": {
      "neighbors": [
        "home_1",
        "home_2",
        "home_3",
        "home_4",
        "home_5",
        "home_6",
        "home_7",
        "home_9"
      ],
      "backgroundLoad": [
        0.11681483387296349,
        0.1332820733036457,
        0.2571809477971326,
        0.1844141910936083,
        0.24775977848281344,
        0.060017617213338335,
        0.14389292142155743,
        0.05104452942777952,
        0.28285009969909064,
        0.06366276159905758,
        0.1623969026825274,
        0.2663621333243386
      ],
      "rules": [
        "1 LG_WM2016CW laundry_wash eq 2 before 4",
        "0 LG_WM2016CW laundry_wash geq 0",
        "0 LG_WM2016CW laundry_wash leq 2",
        "1 GE_WSM2420D3WW laundry_dry eq 3 before 4",
        "0 GE_WSM2420D3WW laundry_dry geq 0",
        "0 GE_WSM2420D3WW laundry_dry leq 3",
        "1 Kenmore_665.13242K900 dish_wash eq 1 after 4",
        "0 Kenmore_665.13242K900 dish_wash geq 0",
        "0 Kenmore_665.13242K900 dish_wash leq 1",
        "1 Kenmore_790.91312013 bake eq 1 at 9",
        "0 Kenmore_790.91312013 bake geq 0",
        "0 Kenmore_790.91312013 bake leq 1",
        "1 water_tank water_temp geq 27 within 2 10",
        "1 water_tank water_temp leq 39 within 2 10",
        "0 water_tank water_temp geq 18",
        "0 water_tank water_temp leq 50",
        "1 Tesla_S charge geq 80 before 5",
        "0 Tesla_S charge geq 0",
        "0 Tesla_S charge leq 100"
      ]
    }
  }
}