{
  "horizon": 12,
  "priceSchema": [
    0.198,
    0.198,
    0.198,
    0.198,
    0.225,
    0.225,
    0.249,
    0.849,
    0.849,
    0.225,
    0.225,
    0.198
  ],
  "agents": {
    "home_7": {
      "neighbors": [
        "home_1",
        "home_2",
        "home_3",
        "home_4",
        "home_5",
        "home_6",
        "home_8",
        "home_9"
      ],
      "backgroundLoad": [
        0.18817580835990894,
        0.2556864029068087,
        0.11029167305684194,
        0.2614924107600993,
        0.009313589662078492,
        0.15770454809467138,
        0.0864885626372507,
        0.22922001653509821,
        0.2934241502322869,
        0.058724959060622604,
        0.11106844048719546,
        0.00898833338121533
      ],
      "rules": [
        "1 LG_WM2016CW laundry_wash eq 2 before 12",
        "0 LG_WM2016CW laundry_wash geq 0",
        "0 LG_WM2016CW laundry_wash leq 2",
        "1 GE_WSM2420D3WW laundry_dry eq 2 before 8",
        "0 GE_WSM2420D3WW laundry_dry geq 0",
        "0 GE_WSM2420D3WW laundry_dry leq 2",
        "1 Kenmore_665.13242K900 dish_wash eq 1 after 2",
        "0 Kenmore_665.13242K900 dish_wash geq 0",
        "0 Kenmore_665.13242K900 dish_wash leq 1",
        "1 Kenmore_790.91312013 bake eq 1 at 4",
        "0 Kenmore_790.91312013 bake geq 0",
        "0 Kenmore_790.91312013 bake leq 1",
        "1 water_tank water_temp geq 26 within 5 8",
        "1 water_tank water_temp leq 44 within 5 8",
        "0 water_tank water_temp geq 18",
        "0 water_tank water_temp leq 50",
        "1 Tesla_S charge geq 100 before 8",
        "0 Tesla_S charge geq 0",
        "0 Tesla_S charge leq 100"
      ]
    },
    "home_6": {
      "neighbors": [
        "home_1",
        "home_2",
        "home_3",
        "home_4",
        "home_5",
        "home_7",
        "home_8",
        "home_9"
      ],
      "backgroundLoad": [
        0.28617306331951564,
        0.18026570897863567,
        0.26301102789185643,
        0.2680441867499061,
        0.2974971542581864,
        0.21771620178441167,
        0.2287444228137876,
        0.14321409929487366,
        0.2640698256501305,
        0.00488764762161874,
        0.05394305883459274,
        0.037771196285800925
      ],
      "rules": [
        "1 LG_WM2016CW laundry_wash eq 1 before 3",
        "0 LG_WM2016CW laundry_wash geq 0",
        "0 LG_WM2016CW laundry_wash leq 1",
        "1 GE_WSM2420D3WW laundry_dry eq 2 before 11",
        "0 GE_WSM2420D3WW laundry_dry geq 0",
        "0 GE_WSM2420D3WW laundry_dry leq 2",
        "1 Kenmore_665.13242K900 dish_wash eq 2 after 4",
        "0 Kenmore_665.13242K900 dish_wash geq 0",
        "0 Kenmore_665.13242K900 dish_wash leq 2",
        "1 Kenmore_790.91312013 bake eq 3 at 7",
        "0 Kenmore_790.91312013 bake geq 0",
        "0 Kenmore_790.91312013 bake leq 3",
        "1 water_tank water_temp geq 29 within 3 11",
        "1 water_tank water_temp leq 43 within 3 11",
        "0 water_tank water_temp geq 18",
        "0 water_tank water_temp leq 50",
        "1 Tesla_S charge geq 60 before 12",
        "0 Tesla_S charge geq 0",
        "0 Tesla_S charge leq 100"
      ]
    },
    "home_5": {
      "neighbors": [
        "home_1",
        "home_2",
        "home_3",
        "home_4",
        "home_6",
        "home_7",
        "home_8",
        "home_9"
      ],
      "backgroundLoad": [
        0.05402214089475625,
        0.21094762254101787,
        0.22034755663495478,
        0.006356799268337887,
        0.0878768079433645,
        0.23883922043198613,
        0.20030820781206563,
        0.1778118739188528,
        0.0992977269835328,
        0.22988685849586427,
        0.1361198629198482,
        0.29910942254246026
      ],
      "rules": [
        "1 LG_WM2016CW laundry_wash eq 2 before 10",
        "0 LG_WM2016CW laundry_wash geq 0",
        "0 LG_WM2016CW laundry_wash leq 2",
        "1 GE_WSM2420D3WW laundry_dry eq 2 before 6",
        "0 GE_WSM2420D3WW laundry_dry geq 0",
        "0 GE_WSM2420D3WW laundry_dry leq 2",
        "1 Kenmore_665.13242K900 dish_wash eq 1 before 11",
        "0 Kenmore_665.13242K900 dish_wash geq 0",
        "0 Kenmore_665.13242K900 dish_wash leq 1",
        "1 Kenmore_790.91312013 bake eq 3 at 6",
        "0 Kenmore_790.91312013 bake geq 0",
        "0 Kenmore_790.91312013 bake leq 3",
        "1 water_tank water_temp geq 30 within 3 12",
        "1 water_tank water_temp leq 45 within 3 12",
        "0 water_tank water_temp geq 18",
        "0 water_tank water_temp leq 50",
        "1 Tesla_S charge geq 60 after 1",
        "0 Tesla_S charge geq 0",
        "0 Tesla_S charge leq 100"
      ]
    },
    "home_4": {
      "neighbors": [
        "home_1",
        "home_2",
        "home_3",
        "home_5",
        "home_6",
        "home_7",
        "home_8",
        "home_9"
      ],
      "backgroundLoad": [
        0.1652416346446717,
        0.19997903779907897,
        0.00914795232663652,
        0.09301325243104004,
        0.13331484461044837,
        0.1284360884697205,
        0.054692293237948476,
        0.08326333610577685,
        0.01220399200075588,
        0.10985167863963571,
        0.20905703300897616,
        0.21056979561643327
      ],
      "rules": [
        "1 LG_WM2016CW laundry_wash eq 2 before 8",
        "0 LG_WM2016CW laundry_wash geq 0",
        "0 LG_WM2016CW laundry_wash leq 2",
        "1 GE_WSM2420D3WW laundry_dry eq 2 before 5",
        "0 GE_WSM2420D3WW laundry_dry geq 0",
        "0 GE_WSM2420D3WW laundry_dry leq 2",
        "1 Kenmore_665.13242K900 dish_wash eq 1 after 8",
        "0 Kenmore_665.13242K900 dish_wash geq 0",
        "0 Kenmore_665.13242K900 dish_wash leq 1",
        "1 Kenmore_790.91312013 bake eq 2 at 6",
        "0 Kenmore_790.91312013 bake geq 0",
        "0 Kenmore_790.91312013 bake leq 2",
        "1 water_tank water_temp geq 29 within 5 9",
        "1 water_tank water_temp leq 41 within 5 9",
        "0 water_tank water_temp geq 18",
        "0 water_tank water_temp leq 50",
        "1 Tesla_S charge geq 60 before 9",
        "0 Tesla_S charge geq 0",
        "0 Tesla_S charge leq 100"
      ]
    },
    "home_3": {
      "neighbors": [
        "home_1",
        "home_2",
        "home_4",
        "home_5",
        "home_6",
        "home_7",
        "home_8",
        "home_9"
      ],
      "backgroundLoad": [
        0.1228134305457038,
        0.06424829369406423,
        0.21654809861353103,
        0.23131292715712612,
        0.0698199919198693,
        0.11910528751320518,
        0.2126024333169602,
        0.20016021311700502,
        0.293187565243093,
        0.13700468467787139,
        0.04853695140943885,
        0.19483531387377656
      ],
      "rules": [
        "1 LG_WM2016CW laundry_wash eq 1 before 2",
        "0 LG_WM2016CW laundry_wash geq 0",
        "0 LG_WM2016CW laundry_wash leq 1",
        "1 GE_WSM2420D3WW laundry_dry eq 3 before 9",
        "0 GE_WSM2420D3WW laundry_dry geq 0",
        "0 GE_WSM2420D3WW laundry_dry leq 3",
        "1 Kenmore_665.13242K900 dish_wash eq 1 before 4",
        "0 Kenmore_665.13242K900 dish_wash geq 0",
        "0 Kenmore_665.13242K900 dish_wash leq 1",
        "1 Kenmore_790.91312013 bake eq 3 at 9",
        "0 Kenmore_790.91312013 bake geq 0",
        "0 Kenmore_790.91312013 bake leq 3",
        "1 water_tank water_temp geq 27 within 1 12",
        "1 water_tank water_temp leq 43 within 1 12",
        "0 water_tank water_temp geq 18",
        "0 water_tank water_temp leq 50",
        "1 Tesla_S charge geq 60 before 8",
        "0 Tesla_S charge geq 0",
        "0 Tesla_S charge leq 100"
      ]
    },
    "home_2": {
      "neighbors": [
        "home_1",
        "home_3",
        "home_4",
        "home_5",
        "home_6",
        "home_7",
        "home_8",
        "home_9"
      ],
      "backgroundLoad": [
        0.24060616359600562,
        0.030725209193090894,
        0.2590716759547973,
        0.20296121485181753,
        0.20604398935142013,
        0.2470816813923708,
        0.23580659467091086,
        0.041973717839381496,
        0.22175421576615006,
        0.1568618633537518,
        0.22420963154715726,
        0.12427678325602544
      ],
      "rules": [
        "1 LG_WM2016CW laundry_wash eq 2 before 4",
        "0 LG_WM2016CW laundry_wash geq 0",
        "0 LG_WM2016CW laundry_wash leq 2",
        "1 GE_WSM2420D3WW laundry_dry eq 2 before 12",
        "0 GE_WSM2420D3WW laundry_dry geq 0",
        "0 GE_WSM2420D3WW laundry_dry leq 2",
        "1 Kenmore_665.13242K900 dish_wash eq 2 after 7",
        "0 Kenmore_665.13242K900 dish_wash geq 0",
        "0 Kenmore_665.13242K900 dish_wash leq 2",
        "1 Kenmore_790.91312013 bake eq 3 at 6",
        "0 Kenmore_790.91312013 bake geq 0",
        "0 Kenmore_790.91312013 bake leq 3",
        "1 water_tank water_temp geq 26 within 6 10",
        "1 water_tank water_temp leq 40 within 6 10",
        "0 water_tank water_temp geq 18",
        "0 water_tank water_temp leq 50",
        "1 Tesla_S charge geq 60 after 3",
        "0 Tesla_S charge geq 0",
        "0 Tesla_S charge leq 100"
      ]
    },
    "home_1": {
      "neighbors": [
        "home_2",
        "home_3",
        "home_4",
        "home_5",
        "home_6",
        "home_7",
        "home_8",
        "home_9"
      ],
      "backgroundLoad": [
        0.13232594989256952,
        0.11637125172376024,
        0.0069837674506494475,
        0.041902252246236955,
        0.09847776818527977,
        0.020014992196460777,
        0.002519856453253599,
        0.19058566742315688,
        0.004176956746587334,
        0.14099054484151363,
        0.05976657278669852,
        0.28868636940228015
      ],
      "rules": [
        "1 LG_WM2016CW laundry_wash eq 2 before 10",
        "0 LG_WM2016CW laundry_wash geq 0",
        "0 LG_WM2016CW laundry_wash leq 2",
        "1 GE_WSM2420D3WW laundry_dry eq 2 before 10",
        "0 GE_WSM2420D3WW laundry_dry geq 0",
        "0 GE_WSM2420D3WW laundry_dry leq 2",
        "1 Kenmore_665.13242K900 dish_wash eq 2 after 2",
        "0 Kenmore_665.13242K900 dish_wash geq 0",
        "0 Kenmore_665.13242K900 dish_wash leq 2",
        "1 Kenmore_790.91312013 bake eq 2 at 7",
        "0 Kenmore_790.91312013 bake geq 0",
        "0 Kenmore_790.91312013 bake leq 2",
        "1 water_tank water_temp geq 26 within 5 12",
        "1 water_tank water_temp leq 38 within 5 12",
        "0 water_tank water_temp geq 18",
        "0 water_tank water_temp leq 50",
        "1 Tesla_S charge geq 100 before 7",
        "0 Tesla_S charge geq 0",
        "0 Tesla_S charge leq 100"
      ]
    },
    "home_9": {
      "neighbors": [
        "home_1",
        "home_2",
        "home_3",
        "home_4",
        "home_5",
        "home_6",
        "home_7",
        "home_8"
      ],
      "backgroundLoad": [
        0.1613131451572545,
        0.024427141164556965,
        0.10741000727553414,
        0.012798577815182743,
        0.16695960795523365,
        0.019775232505647156,
        0.1260527009371182,
        0.23111678227580196,
        0.23058483530299329,
        0.03653144612216109,
        0.16421363646124607,
        0.2692725609469851
      ],
      "rules": [
        "1 LG_WM2016CW laundry_wash eq 2 before 5",
        "0 LG_WM2016CW laundry_wash geq 0",
        "0 LG_WM2016CW laundry_wash leq 2",
        "1 GE_WSM2420D3WW laundry_dry eq 3 before 11",
        "0 GE_WSM2420D3WW laundry_dry geq 0",
        "0 GE_WSM2420D3WW laundry_dry leq 3",
        "1 Kenmore_665.13242K900 dish_wash eq 2 after 1",
        "0 Kenmore_665.13242K900 dish_wash geq 0",
        "0 Kenmore_665.13242K900 dish_wash leq 2",
        "1 Kenmore_790.91312013 bake eq 3 at 7",
        "0 Kenmore_790.91312013 bake geq 0",
        "0 Kenmore_790.91312013 bake leq 3",
        "1 water_tank water_temp geq 27 within 2 6",
        "1 water_tank water_temp leq 39 within 2 6",
        "0 water_tank water_temp geq 18",
        "0 water_tank water_temp leq 50",
        "1 Tesla_S charge geq 100 after 2",
        "0 Tesla_S charge geq 0",
        "0 Tesla_S charge leq 100"
      ]
    },
    "home_8": {
      "neighbors": [
        "home_1",
        "home_2",
        "home_3",
        "home_4",
        "home_5",
        "home_6",
        "home_7",
        "home_9"
      ],
      "backgroundLoad": [
        0.1650114626808464,
        0.20491167904232316,
        0.00521698340184975,
        0.24028461032546686,
        0.07149967569685538,
        0.07656168288980757,
        0.019817537992531154,
        0.06434445383064016,
        0.1739380821547212,
        0.0724867186043984,
        0.05737012039638094,
        0.2350589205405492
      ],
      "rules": [
        "1 LG_WM2016CW laundry_wash eq 1 before 5",
        "0 LG_WM2016CW laundry_wash geq 0",
        "0 LG_WM2016CW laundry_wash leq 1",
        "1 GE_WSM2420D3WW laundry_dry eq 2 before 11",
        "0 GE_WSM2420D3WW laundry_dry geq 0",
        "0 GE_WSM2420D3WW laundry_dry leq 2",
        "1 Kenmore_665.13242K900 dish_wash eq 2 before 12",
        "0 Kenmore_665.13242K900 dish_wash geq 0",
        "0 Kenmore_665.13242K900 dish_wash leq 2",
        "1 Kenmore_790.91312013 bake eq 3 at 9",
        "0 Kenmore_790.91312013 bake geq 0",
        "0 Kenmore_790.91312013 bake leq 3",
        "1 water_tank water_temp geq 29 within 1 7",
        "1 water_tank water_temp leq 45 within 1 7",
        "0 water_tank water_temp geq 18",
        "0 water_tank water_temp leq 50",
        "1 Tesla_S charge geq 80 before 5",
        "0 Tesla_S charge geq 0",
        "0 Tesla_S charge leq 100"
      ]
    }
  }
}