{
  "horizon": 12,
  "priceSchema": [
    0.198,
    0.198,
    0.198,
    0.198,
    0.225,
    0.225,
    0.249,
    0.849,
    0.849,
    0.225,
    0.225,
    0.198
  ],
  "agents": {
    "home_7": {
      "neighbors": [
        "home_1",
        "home_2",
        "home_3",
        "home_4",
        "home_5",
        "home_6",
        "home_8",
        "home_9"
      ],
      "backgroundLoad": [
        0.18619301964483534,
        0.2088908242274988,
        0.15730467563962286,
        0.13201237966334692,
        0.15690120839205485,
        0.19790746174169752,
        0.14875382491774147,
        0.17955774844413855,
        0.2966112516389685,
        0.059648292093796226,
        0.024259230587950487,
        0.21498725024690107
      ],
      "rules": [
        "1 LG_WM2016CW laundry_wash eq 1 before 6",
        "0 LG_WM2016CW laundry_wash geq 0",
        "0 LG_WM2016CW laundry_wash leq 1",
        "1 GE_WSM2420D3WW laundry_dry eq 2 before 11",
        "0 GE_WSM2420D3WW laundry_dry geq 0",
        "0 GE_WSM2420D3WW laundry_dry leq 2",
        "1 Kenmore_665.13242K900 dish_wash eq 1 before 10",
        "0 Kenmore_665.13242K900 dish_wash geq 0",
        "0 Kenmore_665.13242K900 dish_wash leq 1",
        "1 Kenmore_790.91312013 bake eq 3 at 7",
        "0 Kenmore_790.91312013 bake geq 0",
        "0 Kenmore_790.91312013 bake leq 3",
        "1 water_tank water_temp geq 28 within 5 12",
        "1 water_tank water_temp leq 44 within 5 12",
        "0 water_tank water_temp geq 18",
        "0 water_tank water_temp leq 50",
        "1 Tesla_S charge geq 100 after 2",
        "0 Tesla_S charge geq 0",
        "0 Tesla_S charge leq 100"
      ]
    },
    "home_6": {
      "neighbors": [
        "home_1",
        "home_2",
        "home_3",
        "home_4",
        "home_5",
        "home_7",
        "home_8",
        "home_9"
      ],
      "backgroundLoad": [
        0.2150935317161521,
        0.19893809653236733,
        0.05175855985917264,
        0.27800414332990264,
        0.027736877485817123,
        0.2903367672885787,
        0.2099989736940058,
        0.009791270721226363,
        0.28491435571250484,
        0.25429377812893744,
        0.19956764222334047,
        0.28081775178026147
      ],
      "rules": [
        "1 LG_WM2016CW laundry_wash eq 2 before 3",
        "0 LG_WM2016CW laundry_wash geq 0",
        "0 LG_WM2016CW laundry_wash leq 2",
        "1 GE_WSM2420D3WW laundry_dry eq 2 before 7",
        "0 GE_WSM2420D3WW laundry_dry geq 0",
        "0 GE_WSM2420D3WW laundry_dry leq 2",
        "1 Kenmore_665.13242K900 dish_wash eq 1 before 12",
        "0 Kenmore_665.13242K900 dish_wash geq 0",
        "0 Kenmore_665.13242K900 dish_wash leq 1",
        "1 Kenmore_790.91312013 bake eq 1 at 4",
        "0 Kenmore_790.91312013 bake geq 0",
        "0 Kenmore_790.91312013 bake leq 1",
        "1 water_tank water_temp geq 27 within 3 10",
        "1 water_tank water_temp leq 45 within 3 10",
        "0 water_tank water_temp geq 18",
        "0 water_tank water_temp leq 50",
        "1 Tesla_S charge geq 80 after 4",
        "0 Tesla_S charge geq 0",
        "0 Tesla_S charge leq 100"
      ]
    },
    "home_5": {
      "neighbors": [
        "home_1",
        "home_2",
        "home_3",
        "home_4",
        "home_6",
        "home_7",
        "home_8",
        "home_9"
      ],
      "backgroundLoad": [
        0.13166669574775366,
        0.29710198108629265,
        0.17359343623697915,
        0.2961226911881451,
        0.13993396620205628,
        0.2085464405653072,
        0.08197556708084758,
        0.22795658183818213,
        0.2938728330371585,
        0.08595124463141336,
        0.2688753775293415,
        0.27287506591897714
      ],
      "rules": [
        "1 LG_WM2016CW laundry_wash eq 2 before 6",
        "0 LG_WM2016CW laundry_wash geq 0",
        "0 LG_WM2016CW laundry_wash leq 2",
        "1 GE_WSM2420D3WW laundry_dry eq 3 before 5",
        "0 GE_WSM2420D3WW laundry_dry geq 0",
        "0 GE_WSM2420D3WW laundry_dry leq 3",
        "1 Kenmore_665.13242K900 dish_wash eq 1 before 6",
        "0 Kenmore_665.13242K900 dish_wash geq 0",
        "0 Kenmore_665.13242K900 dish_wash leq 1",
        "1 Kenmore_790.91312013 bake eq 2 at 7",
        "0 Kenmore_790.91312013 bake geq 0",
        "0 Kenmore_790.91312013 bake leq 2",
        "1 water_tank water_temp geq 28 within 2 6",
        "1 water_tank water_temp leq 43 within 2 6",
        "0 water_tank water_temp geq 18",
        "0 water_tank water_temp leq 50",
        "1 Tesla_S charge geq 80 after 5",
        "0 Tesla_S charge geq 0",
        "0 Tesla_S charge leq 100"
      ]
    },
    "home_4": {
      "neighbors": [
        "home_1",
        "home_2",
        "home_3",
        "home_5",
        "home_6",
        "home_7",
        "home_8",
        "home_9"
      ],
      "backgroundLoad": [
        0.04596501659270984,
        0.035690432203997424,
        0.1443709414958266,
        0.27131335283865,
        0.043117768869299584,
        0.27909303886336223,
        0.25106006110276324,
        0.1404861752583328,
        0.24011832008352044,
        0.23623961711999442,
        0.29433894458790905,
        0.1324178680175047
      ],
      "rules": [
        "1 LG_WM2016CW laundry_wash eq 2 before 4",
        "0 LG_WM2016CW laundry_wash geq 0",
        "0 LG_WM2016CW laundry_wash leq 2",
        "1 GE_WSM2420D3WW laundry_dry eq 2 before 9",
        "0 GE_WSM2420D3WW laundry_dry geq 0",
        "0 GE_WSM2420D3WW laundry_dry leq 2",
        "1 Kenmore_665.13242K900 dish_wash eq 1 after 7",
        "0 Kenmore_665.13242K900 dish_wash geq 0",
        "0 Kenmore_665.13242K900 dish_wash leq 1",
        "1 Kenmore_790.91312013 bake eq 1 at 8",
        "0 Kenmore_790.91312013 bake geq 0",
        "0 Kenmore_790.91312013 bake leq 1",
        "1 water_tank water_temp geq 27 within 1 9",
        "1 water_tank water_temp leq 42 within 1 9",
        "0 water_tank water_temp geq 18",
        "0 water_tank water_temp leq 50",
        "1 Tesla_S charge geq 60 before 6",
        "0 Tesla_S charge geq 0",
        "0 Tesla_S charge leq 100"
      ]
    },
    "home_3": {
      "neighbors": [
        "home_1",
        "home_2",
        "home_4",
        "home_5",
        "home_6",
        "home_7",
        "home_8",
        "home_9"
      ],
      "backgroundLoad": [
        0.2677366756075016,
        0.24602353122850468,
        0.2213154007700359,
        0.2534595104963019,
        0.22207277219756788,
        0.2433872427645718,
        0.18113085830923772,
        0.08840839078659282,
        0.08024441018316798,
        0.08942434585453721,
        0.18461307202779295,
        0.08596872487947702
      ],
      "rules": [
        "1 LG_WM2016CW laundry_wash eq 1 before 12",
        "0 LG_WM2016CW laundry_wash geq 0",
        "0 LG_WM2016CW laundry_wash leq 1",
        "1 GE_WSM2420D3WW laundry_dry eq 3 before 9",
        "0 GE_WSM2420D3WW laundry_dry geq 0",
        "0 GE_WSM2420D3WW laundry_dry leq 3",
        "1 Kenmore_665.13242K900 dish_wash eq 2 before 5",
        "0 Kenmore_665.13242K900 dish_wash geq 0",
        "0 Kenmore_665.13242K900 dish_wash leq 2",
        "1 Kenmore_790.91312013 bake eq 1 at 9",
        "0 Kenmore_790.91312013 bake geq 0",
        "0 Kenmore_790.91312013 bake leq 1",
        "1 water_tank water_temp geq 26 within 6 9",
        "1 water_tank water_temp leq 45 within 6 9",
        "0 water_tank water_temp geq 18",
        "0 water_tank water_temp leq 50",
        "1 Tesla_S charge geq 80 after 7",
        "0 Tesla_S charge geq 0",
        "0 Tesla_S charge leq 100"
      ]
    },
    "home_2": {
      "neighbors": [
        "home_1",
        "home_3",
        "home_4",
        "home_5",
        "home_6",
        "home_7",
        "home_8",
        "home_9"
      ],
      "backgroundLoad": [
        0.003389317044716966,
        0.13226356858778981,
        0.2134384597676987,
        0.12771896193286136,
        0.29812296801185345,
        0.03996372148788898,
        0.09874923701960266,
        0.24221390672521953,
        0.24572205108686093,
        0.14933111330950535,
        0.014266185121029638,
        0.20846495929343564
      ],
      "rules": [
        "1 LG_WM2016CW laundry_wash eq 1 before 8",
        "0 LG_WM2016CW laundry_wash geq 0",
        "0 LG_WM2016CW laundry_wash leq 1",
        "1 GE_WSM2420D3WW laundry_dry eq 3 before 9",
        "0 GE_WSM2420D3WW laundry_dry geq 0",
        "0 GE_WSM2420D3WW laundry_dry leq 3",
        "1 Kenmore_665.13242K900 dish_wash eq 2 before 6",
        "0 Kenmore_665.13242K900 dish_wash geq 0",
        "0 Kenmore_665.13242K900 dish_wash leq 2",
        "1 Kenmore_790.91312013 bake eq 2 at 9",
        "0 Kenmore_790.91312013 bake geq 0",
        "0 Kenmore_790.91312013 bake leq 2",
        "1 water_tank water_temp geq 30 within 5 12",
        "1 water_tank water_temp leq 45 within 5 12",
        "0 water_tank water_temp geq 18",
        "0 water_tank water_temp leq 50",
        "1 Tesla_S charge geq 100 after 3",
        "0 Tesla_S charge geq 0",
        "0 Tesla_S charge leq 100"
      ]
    },
    "home_1": {
      "neighbors": [
        "home_2",
        "home_3",
        "home_4",
        "home_5",
        "home_6",
        "home_7",
        "home_8",
        "home_9"
      ],
      "backgroundLoad": [
        0.18133949906275518,
        0.22480271548089187,
        0.29148451188691427,
        0.2685756703800782,
        0.28235207613185975,
        0.2773903001586194,
        0.15476278636225183,
        0.03455732014594802,
        0.19862031983168635,
        0.07819968455915113,
        0.2174847808972707,
        0.24707813058563632
      ],
      "rules": [
        "1 LG_WM2016CW laundry_wash eq 1 before 12",
        "0 LG_WM2016CW laundry_wash geq 0",
        "0 LG_WM2016CW laundry_wash leq 1",
        "1 GE_WSM2420D3WW laundry_dry eq 3 before 5",
        "0 GE_WSM2420D3WW laundry_dry geq 0",
        "0 GE_WSM2420D3WW laundry_dry leq 3",
        "1 Kenmore_665.13242K900 dish_wash eq 2 before 10",
        "0 Kenmore_665.13242K900 dish_wash geq 0",
        "0 Kenmore_665.13242K900 dish_wash leq 2",
        "1 Kenmore_790.91312013 bake eq 1 at 4",
        "0 Kenmore_790.91312013 bake geq 0",
        "0 Kenmore_790.91312013 bake leq 1",
        "1 water_tank water_temp geq 27 within 6 12",
        "1 water_tank water_temp leq 43 within 6 12",
        "0 water_tank water_temp geq 18",
        "0 water_tank water_temp leq 50",
        "1 Tesla_S charge geq 80 after 6",
        "0 Tesla_S charge geq 0",
        "0 Tesla_S charge leq 100"
      ]
    },
    "home_9": {
      "neighbors": [
        "home_1",
        "home_2",
        "home_3",
        "home_4",
        "home_5",
        "home_6",
        "home_7",
        "home_8"
      ],
      "backgroundLoad": [
        0.2860839337692487,
        0.1470211149937271,
        0.1626640523491522,
        0.11615430885105511,
        0.06679922167685849,
        0.1050051974583749,
        0.28755076619973546,
        0.09007208404231529,
        0.2319912215300009,
        0.24725419508224936,
        0.06752072337709844,
        0.08711780775633836
      ],
      "rules": [
        "1 LG_WM2016CW laundry_wash eq 2 before 11",
        "0 LG_WM2016CW laundry_wash geq 0",
        "0 LG_WM2016CW laundry_wash leq 2",
        "1 GE_WSM2420D3WW laundry_dry eq 3 before 6",
        "0 GE_WSM2420D3WW laundry_dry geq 0",
        "0 GE_WSM2420D3WW laundry_dry leq 3",
        "1 Kenmore_665.13242K900 dish_wash eq 2 before 12",
        "0 Kenmore_665.13242K900 dish_wash geq 0",
        "0 Kenmore_665.13242K900 dish_wash leq 2",
        "1 Kenmore_790.91312013 bake eq 3 at 9",
        "0 Kenmore_790.91312013 bake geq 0",
        "0 Kenmore_790.91312013 bake leq 3",
        "1 water_tank water_temp geq 27 within 2 10",
        "1 water_tank water_temp leq 40 within 2 10",
        "0 water_tank water_temp geq 18",
        "0 water_tank water_temp leq 50",
        "1 Tesla_S charge geq 60 before 6",
        "0 Tesla_S charge geq 0",
        "0 Tesla_S charge leq 100"
      ]
    },
    "home_8": {
      "neighbors": [
        "home_1",
        "home_2",
        "home_3",
        "home_4",
        "home_5",
        "home_6",
        "home_7",
        "home_9"
      ],
      "backgroundLoad": [
        0.2891076728911781,
        0.2724288532037882,
        0.026358397916896214,
        0.030240236285688414,
        0.08291741402605814,
        0.2841344705137382,
        0.13984448222823778,
        0.15047161157105873,
        0.2990869978391835,
        0.2578901369398996,
        0.2264003484436729,
        0.1980830305654876
      ],
      "rules": [
        "1 LG_WM2016CW laundry_wash eq 2 before 7",
        "0 LG_WM2016CW laundry_wash geq 0",
        "0 LG_WM2016CW laundry_wash leq 2",
        "1 GE_WSM2420D3WW laundry_dry eq 2 before 5",
        "0 GE_WSM2420D3WW laundry_dry geq 0",
        "0 GE_WSM2420D3WW laundry_dry leq 2",
        "1 Kenmore_665.13242K900 dish_wash eq 2 after 2",
        "0 Kenmore_665.13242K900 dish_wash geq 0",
        "0 Kenmore_665.13242K900 dish_wash leq 2",
        "1 Kenmore_790.91312013 bake eq 3 at 9",
        "0 Kenmore_790.91312013 bake geq 0",
        "0 Kenmore_790.91312013 bake leq 3",
        "1 water_tank water_temp geq 29 within 6 11",
        "1 water_tank water_temp leq 43 within 6 11",
        "0 water_tank water_temp geq 18",
        "0 water_tank water_temp leq 50",
        "1 Tesla_S charge geq 60 after 7",
        "0 Tesla_S charge geq 0",
        "0 Tesla_S charge leq 100"
      ]
    }
  }
}