{
  "horizon": 12,
  "priceSchema": [
    0.198,
    0.198,
    0.198,
    0.198,
    0.225,
    0.225,
    0.249,
    0.849,
    0.849,
    0.225,
    0.225,
    0.198
  ],
  "agents": {
    "home_7": {
      "neighbors": [
        "home_1",
        "home_2",
        "home_3",
        "home_4",
        "home_5",
        "home_6",
        "home_8",
        "home_9"
      ],
      "backgroundLoad": [
        0.2624903554850263,
        0.16477318261475937,
        0.041363360009017754,
        0.1540451237418649,
        0.12579272643994005,
        0.020628730219130607,
        0.05600816148280624,
        0.09713675099456306,
        0.052490116191581705,
        0.19812401039487723,
        0.2517060095150424,
        0.09622913018431062
      ],
      "rules": [
        "1 LG_WM2016CW laundry_wash eq 1 before 12",
        "0 LG_WM2016CW laundry_wash geq 0",
        "0 LG_WM2016CW laundry_wash leq 1",
        "1 GE_WSM2420D3WW laundry_dry eq 2 before 3",
        "0 GE_WSM2420D3WW laundry_dry geq 0",
        "0 GE_WSM2420D3WW laundry_dry leq 2",
        "1 Kenmore_665.13242K900 dish_wash eq 2 after 3",
        "0 Kenmore_665.13242K900 dish_wash geq 0",
        "0 Kenmore_665.13242K900 dish_wash leq 2",
        "1 Kenmore_790.91312013 bake eq 3 at 9",
        "0 Kenmore_790.91312013 bake geq 0",
        "0 Kenmore_790.91312013 bake leq 3",
        "1 water_tank water_temp geq 27 within 3 7",
        "1 water_tank water_temp leq 43 within 3 7",
        "0 water_tank water_temp geq 18",
        "0 water_tank water_temp leq 50",
        "1 Tesla_S charge geq 60 before 12",
        "0 Tesla_S charge geq 0",
        "0 Tesla_S charge leq 100"
      ]
    },
    "home_6": {
      "neighbors": [
        "home_1",
        "home_2",
        "home_3",
        "home_4",
        "home_5",
        "home_7",
        "home_8",
        "home_9"
      ],
      "backgroundLoad": [
        0.07751162792294171,
        0.27459309966891565,
        0.05123634952764965,
        0.09370939092065128,
        0.14787143027875801,
        0.21132710292246956,
        0.24096108184167525,
        0.015122938852370992,
        0.05558129776586611,
        0.10967378321218267,
        0.15449868441061307,
        0.07182637811737666
      ],
      "rules": [
        "1 LG_WM2016CW laundry_wash eq 2 before 6",
        "0 LG_WM2016CW laundry_wash geq 0",
        "0 LG_WM2016CW laundry_wash leq 2",
        "1 GE_WSM2420D3WW laundry_dry eq 3 before 9",
        "0 GE_WSM2420D3WW laundry_dry geq 0",
        "0 GE_WSM2420D3WW laundry_dry leq 3",
        "1 Kenmore_665.13242K900 dish_wash eq 2 after 7",
        "0 Kenmore_665.13242K900 dish_wash geq 0",
        "0 Kenmore_665.13242K900 dish_wash leq 2",
        "1 Kenmore_790.91312013 bake eq 1 at 9",
        "0 Kenmore_790.91312013 bake geq 0",
        "0 Kenmore_790.91312013 bake leq 1",
        "1 water_tank water_temp geq 29 within 5 8",
        "1 water_tank water_temp leq 44 within 5 8",
        "0 water_tank water_temp geq 18",
        "0 water_tank water_temp leq 50",
        "1 Tesla_S charge geq 80 before 12",
        "0 Tesla_S charge geq 0",
        "0 Tesla_S charge leq 100"
      ]
    },
    "home_5": {
      "neighbors": [
        "home_1",
        "home_2",
        "home_3",
        "home_4",
        "home_6",
        "home_7",
        "home_8",
        "home_9"
      ],
      "backgroundLoad": [
        0.2916331561676933,
        0.04457764042633949,
        0.15793735528991681,
        0.16557043182379508,
        0.022979523879114016,
        0.23488644377818155,
        0.27793473959271914,
        0.2117651430712884,
        0.2926144678563966,
        0.23222183924088782,
        0.1320349910133271,
        0.24563150367725692
      ],
      "rules": [
        "1 LG_WM2016CW laundry_wash eq 1 before 4",
        "0 LG_WM2016CW laundry_wash geq 0",
        "0 LG_WM2016CW laundry_wash leq 1",
        "1 GE_WSM2420D3WW laundry_dry eq 2 before 5",
        "0 GE_WSM2420D3WW laundry_dry geq 0",
        "0 GE_WSM2420D3WW laundry_dry leq 2",
        "1 Kenmore_665.13242K900 dish_wash eq 2 before 10",
        "0 Kenmore_665.13242K900 dish_wash geq 0",
        "0 Kenmore_665.13242K900 dish_wash leq 2",
        "1 Kenmore_790.91312013 bake eq 2 at 5",
        "0 Kenmore_790.91312013 bake geq 0",
        "0 Kenmore_790.91312013 bake leq 2",
        "1 water_tank water_temp geq 29 within 2 9",
        "1 water_tank water_temp leq 42 within 2 9",
        "0 water_tank water_temp geq 18",
        "0 water_tank water_temp leq 50",
        "1 Tesla_S charge geq 80 after 1",
        "0 Tesla_S charge geq 0",
        "0 Tesla_S charge leq 100"
      ]
    },
    "home_4": {
      "neighbors": [
        "home_1",
        "home_2",
        "home_3",
        "home_5",
        "home_6",
        "home_7",
        "home_8",
        "home_9"
      ],
      "backgroundLoad": [
        0.15045746840705462,
        0.11998061434120325,
        0.18602635270797183,
        0.14241398360820243,
        0.06975970694280696,
        0.1821647976677019,
        0.22871951878897623,
        0.2817485511176171,
        0.01729306591832078,
        0.28992937455162815,
        0.20969349485037925,
        0.14900204670422343
      ],
      "rules": [
        "1 LG_WM2016CW laundry_wash eq 1 before 6",
        "0 LG_WM2016CW laundry_wash geq 0",
        "0 LG_WM2016CW laundry_wash leq 1",
        "1 GE_WSM2420D3WW laundry_dry eq 2 before 12",
        "0 GE_WSM2420D3WW laundry_dry geq 0",
        "0 GE_WSM2420D3WW laundry_dry leq 2",
        "1 Kenmore_665.13242K900 dish_wash eq 2 before 5",
        "0 Kenmore_665.13242K900 dish_wash geq 0",
        "0 Kenmore_665.13242K900 dish_wash leq 2",
        "1 Kenmore_790.91312013 bake eq 3 at 7",
        "0 Kenmore_790.91312013 bake geq 0",
        "0 Kenmore_790.91312013 bake leq 3",
        "1 water_tank water_temp geq 29 within 3 7",
        "1 water_tank water_temp leq 45 within 3 7",
        "0 water_tank water_temp geq 18",
        "0 water_tank water_temp leq 50",
        "1 Tesla_S charge geq 60 after 2",
        "0 Tesla_S charge geq 0",
        "0 Tesla_S charge leq 100"
      ]
    },
    "home_3": {
      "neighbors": [
        "home_1",
        "home_2",
        "home_4",
        "home_5",
        "home_6",
        "home_7",
        "home_8",
        "home_9"
      ],
      "backgroundLoad": [
        0.1568308421226323,
        0.017200005053355703,
        0.007299895684895807,
        0.052240087742648954,
        0.002328437540110606,
        0.1820787756902013,
        0.14442000674799205,
        0.21901813266362305,
        0.17043885642642578,
        0.21291666680908228,
        0.23006279123552353,
        0.07599173340465787
      ],
      "rules": [
        "1 LG_WM2016CW laundry_wash eq 2 before 4",
        "0 LG_WM2016CW laundry_wash geq 0",
        "0 LG_WM2016CW laundry_wash leq 2",
        "1 GE_WSM2420D3WW laundry_dry eq 3 before 11",
        "0 GE_WSM2420D3WW laundry_dry geq 0",
        "0 GE_WSM2420D3WW laundry_dry leq 3",
        "1 Kenmore_665.13242K900 dish_wash eq 2 before 11",
        "0 Kenmore_665.13242K900 dish_wash geq 0",
        "0 Kenmore_665.13242K900 dish_wash leq 2",
        "1 Kenmore_790.91312013 bake eq 3 at 6",
        "0 Kenmore_790.91312013 bake geq 0",
        "0 Kenmore_790.91312013 bake leq 3",
        "1 water_tank water_temp geq 26 within 5 10",
        "1 water_tank water_temp leq 43 within 5 10",
        "0 water_tank water_temp geq 18",
        "0 water_tank water_temp leq 50",
        "1 Tesla_S charge geq 100 before 7",
        "0 Tesla_S charge geq 0",
        "0 Tesla_S charge leq 100"
      ]
    },
    "home_2": {
      "neighbors": [
        "home_1",
        "home_3",
        "home_4",
        "home_5",
        "home_6",
        "home_7",
        "home_8",
        "home_9"
      ],
      "backgroundLoad": [
        0.1353672958817225,
        0.11447897248585301,
        0.23496244013980738,
        0.13714761485130267,
        0.13488081708501806,
        0.0882971878225811,
        0.17566742262315335,
        0.24510066021675067,
        0.11458233402439005,
        0.1946727015546791,
        0.10781589018668332,
        0.2410718439693017
      ],
      "rules": [
        "1 LG_WM2016CW laundry_wash eq 1 before 9",
        "0 LG_WM2016CW laundry_wash geq 0",
        "0 LG_WM2016CW laundry_wash leq 1",
        "1 GE_WSM2420D3WW laundry_dry eq 3 before 12",
        "0 GE_WSM2420D3WW laundry_dry geq 0",
        "0 GE_WSM2420D3WW laundry_dry leq 3",
        "1 Kenmore_665.13242K900 dish_wash eq 2 before 8",
        "0 Kenmore_665.13242K900 dish_wash geq 0",
        "0 Kenmore_665.13242K900 dish_wash leq 2",
        "1 Kenmore_790.91312013 bake eq 2 at 5",
        "0 Kenmore_790.91312013 bake geq 0",
        "0 Kenmore_790.91312013 bake leq 2",
        "1 water_tank water_temp geq 28 within 3 10",
        "1 water_tank water_temp leq 42 within 3 10",
        "0 water_tank water_temp geq 18",
        "0 water_tank water_temp leq 50",
        "1 Tesla_S charge geq 100 before 8",
        "0 Tesla_S charge geq 0",
        "0 Tesla_S charge leq 100"
      ]
    },
    "home_1": {
      "neighbors": [
        "home_2",
        "home_3",
        "home_4",
        "home_5",
        "home_6",
        "home_7",
        "home_8",
        "home_9"
      ],
      "backgroundLoad": [
        0.26027530840831575,
        0.01717872701701015,
        0.01825777997298653,
        0.12045873061898608,
        0.024104601931217506,
        0.21783215084984583,
        0.2069111896473393,
        0.16396236076771198,
        0.1946065212122223,
        0.01168218652940518,
        0.2598304142568333,
        0.049308439947849336
      ],
      "rules": [
        "1 LG_WM2016CW laundry_wash eq 2 before 5",
        "0 LG_WM2016CW laundry_wash geq 0",
        "0 LG_WM2016CW laundry_wash leq 2",
        "1 GE_WSM2420D3WW laundry_dry eq 2 before 5",
        "0 GE_WSM2420D3WW laundry_dry geq 0",
        "0 GE_WSM2420D3WW laundry_dry leq 2",
        "1 Kenmore_665.13242K900 dish_wash eq 1 before 8",
        "0 Kenmore_665.13242K900 dish_wash geq 0",
        "0 Kenmore_665.13242K900 dish_wash leq 1",
        "1 Kenmore_790.91312013 bake eq 2 at 7",
        "0 Kenmore_790.91312013 bake geq 0",
        "0 Kenmore_790.91312013 bake leq 2",
        "1 water_tank water_temp geq 26 within 1 7",
        "1 water_tank water_temp leq 38 within 1 7",
        "0 water_tank water_temp geq 18",
        "0 water_tank water_temp leq 50",
        "1 Tesla_S charge geq 100 after 3",
        "0 Tesla_S charge geq 0",
        "0 Tesla_S charge leq 100"
      ]
    },
    "home_9": {
      "neighbors": [
        "home_1",
        "home_2",
        "home_3",
        "home_4",
        "home_5",
        "home_6",
        "home_7",
        "home_8"
      ],
      "backgroundLoad": [
        0.20138758847494664,
        0.20602124343066605,
        0.14912775878113743,
        0.1251837857319965,
        0.12641195730312768,
        0.002883719683209962,
        0.22544642933352907,
        0.04417855525786494,
        0.1891618079523522,
        0.1647623800629054,
        0.06959487972856675,
        0.20455104168775515
      ],
      "rules": [
        "1 LG_WM2016CW laundry_wash eq 2 before 6",
        "0 LG_WM2016CW laundry_wash geq 0",
        "0 LG_WM2016CW laundry_wash leq 2",
        "1 GE_WSM2420D3WW laundry_dry eq 3 before 11",
        "0 GE_WSM2420D3WW laundry_dry geq 0",
        "0 GE_WSM2420D3WW laundry_dry leq 3",
        "1 Kenmore_665.13242K900 dish_wash eq 1 before 8",
        "0 Kenmore_665.13242K900 dish_wash geq 0",
        "0 Kenmore_665.13242K900 dish_wash leq 1",
        "1 Kenmore_790.91312013 bake eq 1 at 5",
        "0 Kenmore_790.91312013 bake geq 0",
        "0 Kenmore_790.91312013 bake leq 1",
        "1 water_tank water_temp geq 26 within 5 9",
        "1 water_tank water_temp leq 39 within 5 9",
        "0 water_tank water_temp geq 18",
        "0 water_tank water_temp leq 50",
        "1 Tesla_S charge geq 80 before 12",
        "0 Tesla_S charge geq 0",
        "0 Tesla_S charge leq 100"
      ]
    },
    "home_8": {
      "neighbors": [
        "home_1",
        "home_2",
        "home_3",
        "home_4",
        "home_5",
        "home_6",
        "home_7",
        "home_9"
      ],
      "backgroundLoad": [
        0.05996916003392283,
        0.11676996119229148,
        0.20018321071467368,
        0.2870358390598338,
        0.19539865607125825,
        0.2813857115069792,
        0.1742756568072055,
        0.21180127794018339,
        0.1712337149832221,
        0.20690382967083099,
        0.19007928909240493,
        0.04488439653133331
      ],
      "rules": [
        "1 LG_WM2016CW laundry_wash eq 2 before 8",
        "0 LG_WM2016CW laundry_wash geq 0",
        "0 LG_WM2016CW laundry_wash leq 2",
        "1 GE_WSM2420D3WW laundry_dry eq 2 before 12",
        "0 GE_WSM2420D3WW laundry_dry geq 0",
        "0 GE_WSM2420D3WW laundry_dry leq 2",
        "1 Kenmore_665.13242K900 dish_wash eq 2 before 10",
        "0 Kenmore_665.13242K900 dish_wash geq 0",
        "0 Kenmore_665.13242K900 dish_wash leq 2",
        "1 Kenmore_790.91312013 bake eq 2 at 7",
        "0 Kenmore_790.91312013 bake geq 0",
        "0 Kenmore_790.91312013 bake leq 2",
        "1 water_tank water_temp geq 28 within 2 9",
        "1 water_tank water_temp leq 44 within 2 9",
        "0 water_tank water_temp geq 18",
        "0 water_tank water_temp leq 50",
        "1 Tesla_S charge geq 80 after 6",
        "0 Tesla_S charge geq 0",
        "0 Tesla_S charge leq 100"
      ]
    }
  }
}